{
  "amp": true,
  "architecture": "RaptorGateNet",
  "architecture_config": {
    "residual_blocks": 4,
    "width": 256
  },
  "architecture_version": 2,
  "artifact": "data/models/raptorgate-cicids2017-v4-focal.onnx",
  "batch_size": 131072,
  "checksum_sha256": "bc1e31a2f972ee9fd03a7aeec2c81fe71c0e5ea05498197a417542a1f78a21e7",
  "created_at": "2026-04-25T15:55:16.198683+00:00",
  "dropout": 0.08,
  "epochs": 35,
  "feature_names": [
    "proto",
    "ip_ver_v6",
    "dst_port_class",
    "src_port_log",
    "dst_port_log",
    "payload_len_log",
    "iat_log",
    "ttl_norm",
    "tcp_syn",
    "tcp_ack",
    "tcp_fin",
    "tcp_rst",
    "tcp_psh",
    "tcp_window_log",
    "app_proto",
    "tls_version",
    "tls_ech_detected",
    "sni_entropy",
    "sni_len",
    "alpn_hash_bucket",
    "http_method",
    "host_entropy",
    "ua_hash_bucket",
    "payload_entropy",
    "qname_entropy",
    "qname_len",
    "label_max_len",
    "qtype",
    "answer_count",
    "rcode",
    "hour_sin",
    "hour_cos",
    "zone_pair_bucket",
    "pinning_failures_60s",
    "unique_dst_60s_log",
    "syn_rate_60s_log",
    "nxdomain_ratio_60s",
    "new_flow_rate_60s_log"
  ],
  "focal_gamma": 1.5,
  "labels": [
    "benign",
    "malicious"
  ],
  "learning_rate": 0.0003,
  "loss": "focal",
  "normalization": {
    "mean": [
      1.0265436172485352,
      0.0,
      1.999571442604065,
      7.590003967285156,
      8.113448143005371,
      3.6738665103912354,
      5.942713260650635,
      0.40805450081825256,
      0.025641905143857002,
      0.9542558789253235,
      0.014139383099973202,
      0.009639432653784752,
      0.10710199922323227,
      6.578891277313232,
      1.6776851415634155,
      0.009889194741845131,
      0.0,
      0.016965003684163094,
      0.09511078894138336,
      0.0007772407843731344,
      2.4150166511535645,
      0.03040635585784912,
      0.0042409272864460945,
      0.057424429804086685,
      0.0,
      0.0,
      0.0,
      6.174591362650972e-07,
      0.0,
      7.409510089928517e-06,
      -0.3849763572216034,
      -0.7238805294036865,
      0.0,
      0.0,
      1.9546887874603271,
      0.4187781810760498,
      2.87118518826901e-06,
      0.4871504008769989
    ],
    "std": [
      0.16074520349502563,
      9.999999974752427e-07,
      0.9515187740325928,
      2.9429218769073486,
      2.936070680618286,
      3.6761884689331055,
      2.736894369125366,
      0.16874389350414276,
      0.15806454420089722,
      0.208929643034935,
      0.1180654913187027,
      0.09770626574754715,
      0.3092428743839264,
      1.853148102760315,
      0.6423740983009338,
      0.14136798679828644,
      9.999999974752427e-07,
      0.2429487705230713,
      1.4271215200424194,
      0.014249070547521114,
      3.661616325378418,
      0.31178048253059387,
      0.04981202259659767,
      0.5764654278755188,
      9.999999974752427e-07,
      9.999999974752427e-07,
      9.999999974752427e-07,
      0.0007857854361645877,
      9.999999974752427e-07,
      0.009429425932466984,
      0.3684072494506836,
      0.43825364112854004,
      9.999999974752427e-07,
      9.999999974752427e-07,
      1.4367501735687256,
      0.9890915751457214,
      0.001694454695098102,
      0.8158544301986694
    ]
  },
  "seed": 42,
  "test_metrics": {
    "accuracy": 0.983684237531739,
    "calibration": {
      "best_f1_malicious": {
        "accuracy": 0.9859532043170592,
        "confusion_matrix": [
          [
            8155748,
            95371
          ],
          [
            27548,
            472012
          ]
        ],
        "f1_malicious": 0.8847932832400607,
        "precision_malicious": 0.8319107199193491,
        "recall_malicious": 0.9448554728160782,
        "threshold": 0.20000000298023224
      },
      "best_recall_malicious_at_precision_0_99": null
    },
    "confusion_matrix": [
      [
        8186441,
        64678
      ],
      [
        78096,
        421464
      ]
    ],
    "decision": "argmax",
    "f1": {
      "benign": 0.9913552328772167,
      "malicious": 0.8551550062797885
    },
    "precision": {
      "benign": 0.9905504688284413,
      "malicious": 0.866956568245492
    },
    "recall": {
      "benign": 0.9921613056362416,
      "malicious": 0.8436704299783809
    },
    "rows": 8750679
  },
  "train_class_counts": {
    "benign": 30273730,
    "malicious": 2117076
  },
  "train_rows": 32390806,
  "weight_decay": 5e-05
}
